"County Name","County Post URL","From Name"
"Anderson County","https://thecountypost.com/texas/anderson/","The County Post - Anderson County"
"Andrews County","https://thecountypost.com/texas/andrews/","The County Post - Andrews County"
"Angelina County","https://thecountypost.com/texas/angelina/","The County Post - Angelina County"
"Aransas County","https://thecountypost.com/texas/aransas/","The County Post - Aransas County"
"Archer County","https://thecountypost.com/texas/archer/","The County Post - Archer County"
"Armstrong County","https://thecountypost.com/texas/armstrong/","The County Post - Armstrong County"
"Atascosa County","https://thecountypost.com/texas/atascosa/","The County Post - Atascosa County"
"Austin County","https://thecountypost.com/texas/austin/","The County Post - Austin County"
"Bailey County","https://thecountypost.com/texas/bailey/","The County Post - Bailey County"
"Bandera County","https://thecountypost.com/texas/bandera/","The County Post - Bandera County"
"Bastrop County","https://thecountypost.com/texas/bastrop/","The County Post - Bastrop County"
"Baylor County","https://thecountypost.com/texas/baylor/","The County Post - Baylor County"
"Bee County","https://thecountypost.com/texas/bee/","The County Post - Bee County"
"Bell County","https://thecountypost.com/texas/bell/","The County Post - Bell County"
"Bexar County","https://thecountypost.com/texas/bexar/","The County Post - Bexar County"
"Blanco County","https://thecountypost.com/texas/blanco/","The County Post - Blanco County"
"Borden County","https://thecountypost.com/texas/borden/","The County Post - Borden County"
"Bosque County","https://thecountypost.com/texas/bosque/","The County Post - Bosque County"
"Bowie County","https://thecountypost.com/texas/bowie/","The County Post - Bowie County"
"Brazoria County","https://thecountypost.com/texas/brazoria/","The County Post - Brazoria County"
"Brazos County","https://thecountypost.com/texas/brazos/","The County Post - Brazos County"
"Brewster County","https://thecountypost.com/texas/brewster/","The County Post - Brewster County"
"Briscoe County","https://thecountypost.com/texas/briscoe/","The County Post - Briscoe County"
"Brooks County","https://thecountypost.com/texas/brooks/","The County Post - Brooks County"
"Brown County","https://thecountypost.com/texas/brown/","The County Post - Brown County"
"Burleson County","https://thecountypost.com/texas/burleson/","The County Post - Burleson County"
"Burnet County","https://thecountypost.com/texas/burnet/","The County Post - Burnet County"
"Caldwell County","https://thecountypost.com/texas/caldwell/","The County Post - Caldwell County"
"Calhoun County","https://thecountypost.com/texas/calhoun/","The County Post - Calhoun County"
"Callahan County","https://thecountypost.com/texas/callahan/","The County Post - Callahan County"
"Cameron County","https://thecountypost.com/texas/cameron/","The County Post - Cameron County"
"Camp County","https://thecountypost.com/texas/camp/","The County Post - Camp County"
"Carson County","https://thecountypost.com/texas/carson/","The County Post - Carson County"
"Cass County","https://thecountypost.com/texas/cass/","The County Post - Cass County"
"Castro County","https://thecountypost.com/texas/castro/","The County Post - Castro County"
"Chambers County","https://thecountypost.com/texas/chambers/","The County Post - Chambers County"
"Cherokee County","https://thecountypost.com/texas/cherokee/","The County Post - Cherokee County"
"Childress County","https://thecountypost.com/texas/childress/","The County Post - Childress County"
"Clay County","https://thecountypost.com/texas/clay/","The County Post - Clay County"
"Cochran County","https://thecountypost.com/texas/cochran/","The County Post - Cochran County"
"Coke County","https://thecountypost.com/texas/coke/","The County Post - Coke County"
"Coleman County","https://thecountypost.com/texas/coleman/","The County Post - Coleman County"
"Collin County","https://thecountypost.com/texas/collin/","The County Post - Collin County"
"Collingsworth County","https://thecountypost.com/texas/collingsworth/","The County Post - Collingsworth County"
"Colorado County","https://thecountypost.com/texas/colorado/","The County Post - Colorado County"
"Comal County","https://thecountypost.com/texas/comal/","The County Post - Comal County"
"Comanche County","https://thecountypost.com/texas/comanche/","The County Post - Comanche County"
"Concho County","https://thecountypost.com/texas/concho/","The County Post - Concho County"
"Cooke County","https://thecountypost.com/texas/cooke/","The County Post - Cooke County"
"Coryell County","https://thecountypost.com/texas/coryell/","The County Post - Coryell County"
"Cottle County","https://thecountypost.com/texas/cottle/","The County Post - Cottle County"
"Crane County","https://thecountypost.com/texas/crane/","The County Post - Crane County"
"Crockett County","https://thecountypost.com/texas/crockett/","The County Post - Crockett County"
"Crosby County","https://thecountypost.com/texas/crosby/","The County Post - Crosby County"
"Culberson County","https://thecountypost.com/texas/culberson/","The County Post - Culberson County"
"Dallam County","https://thecountypost.com/texas/dallam/","The County Post - Dallam County"
"Dallas County","https://thecountypost.com/texas/dallas/","The County Post - Dallas County"
"Dawson County","https://thecountypost.com/texas/dawson/","The County Post - Dawson County"
"Deaf Smith County","https://thecountypost.com/texas/deaf-smith/","The County Post - Deaf Smith County"
"Delta County","https://thecountypost.com/texas/delta/","The County Post - Delta County"
"Denton County","https://thecountypost.com/texas/denton/","The County Post - Denton County"
"DeWitt County","https://thecountypost.com/texas/dewitt/","The County Post - DeWitt County"
"Dickens County","https://thecountypost.com/texas/dickens/","The County Post - Dickens County"
"Dimmit County","https://thecountypost.com/texas/dimmit/","The County Post - Dimmit County"
"Donley County","https://thecountypost.com/texas/donley/","The County Post - Donley County"
"Duval County","https://thecountypost.com/texas/duval/","The County Post - Duval County"
"Eastland County","https://thecountypost.com/texas/eastland/","The County Post - Eastland County"
"Ector County","https://thecountypost.com/texas/ector/","The County Post - Ector County"
"Edwards County","https://thecountypost.com/texas/edwards/","The County Post - Edwards County"
"El Paso County","https://thecountypost.com/texas/el-paso/","The County Post - El Paso County"
"Ellis County","https://thecountypost.com/texas/ellis/","The County Post - Ellis County"
"Erath County","https://thecountypost.com/texas/erath/","The County Post - Erath County"
"Falls County","https://thecountypost.com/texas/falls/","The County Post - Falls County"
"Fannin County","https://thecountypost.com/texas/fannin/","The County Post - Fannin County"
"Fayette County","https://thecountypost.com/texas/fayette/","The County Post - Fayette County"
"Fisher County","https://thecountypost.com/texas/fisher/","The County Post - Fisher County"
"Floyd County","https://thecountypost.com/texas/floyd/","The County Post - Floyd County"
"Foard County","https://thecountypost.com/texas/foard/","The County Post - Foard County"
"Fort Bend County","https://thecountypost.com/texas/fort-bend/","The County Post - Fort Bend County"
"Franklin County","https://thecountypost.com/texas/franklin/","The County Post - Franklin County"
"Freestone County","https://thecountypost.com/texas/freestone/","The County Post - Freestone County"
"Frio County","https://thecountypost.com/texas/frio/","The County Post - Frio County"
"Gaines County","https://thecountypost.com/texas/gaines/","The County Post - Gaines County"
"Galveston County","https://thecountypost.com/texas/galveston/","The County Post - Galveston County"
"Garza County","https://thecountypost.com/texas/garza/","The County Post - Garza County"
"Gillespie County","https://thecountypost.com/texas/gillespie/","The County Post - Gillespie County"
"Glasscock County","https://thecountypost.com/texas/glasscock/","The County Post - Glasscock County"
"Goliad County","https://thecountypost.com/texas/goliad/","The County Post - Goliad County"
"Gonzales County","https://thecountypost.com/texas/gonzales/","The County Post - Gonzales County"
"Gray County","https://thecountypost.com/texas/gray/","The County Post - Gray County"
"Grayson County","https://thecountypost.com/texas/grayson/","The County Post - Grayson County"
"Gregg County","https://thecountypost.com/texas/gregg/","The County Post - Gregg County"
"Grimes County","https://thecountypost.com/texas/grimes/","The County Post - Grimes County"
"Guadalupe County","https://thecountypost.com/texas/guadalupe/","The County Post - Guadalupe County"
"Hale County","https://thecountypost.com/texas/hale/","The County Post - Hale County"
"Hall County","https://thecountypost.com/texas/hall/","The County Post - Hall County"
"Hamilton County","https://thecountypost.com/texas/hamilton/","The County Post - Hamilton County"
"Hansford County","https://thecountypost.com/texas/hansford/","The County Post - Hansford County"
"Hardeman County","https://thecountypost.com/texas/hardeman/","The County Post - Hardeman County"
"Hardin County","https://thecountypost.com/texas/hardin/","The County Post - Hardin County"
"Harris County","https://thecountypost.com/texas/harris/","The County Post - Harris County"
"Harrison County","https://thecountypost.com/texas/harrison/","The County Post - Harrison County"
"Hartley County","https://thecountypost.com/texas/hartley/","The County Post - Hartley County"
"Haskell County","https://thecountypost.com/texas/haskell/","The County Post - Haskell County"
"Hays County","https://thecountypost.com/texas/hays/","The County Post - Hays County"
"Hemphill County","https://thecountypost.com/texas/hemphill/","The County Post - Hemphill County"
"Henderson County","https://thecountypost.com/texas/henderson/","The County Post - Henderson County"
"Hidalgo County","https://thecountypost.com/texas/hidalgo/","The County Post - Hidalgo County"
"Hill County","https://thecountypost.com/texas/hill/","The County Post - Hill County"
"Hockley County","https://thecountypost.com/texas/hockley/","The County Post - Hockley County"
"Hood County","https://thecountypost.com/texas/hood/","The County Post - Hood County"
"Hopkins County","https://thecountypost.com/texas/hopkins/","The County Post - Hopkins County"
"Houston County","https://thecountypost.com/texas/houston/","The County Post - Houston County"
"Howard County","https://thecountypost.com/texas/howard/","The County Post - Howard County"
"Hudspeth County","https://thecountypost.com/texas/hudspeth/","The County Post - Hudspeth County"
"Hunt County","https://thecountypost.com/texas/hunt/","The County Post - Hunt County"
"Hutchinson County","https://thecountypost.com/texas/hutchinson/","The County Post - Hutchinson County"
"Irion County","https://thecountypost.com/texas/irion/","The County Post - Irion County"
"Jack County","https://thecountypost.com/texas/jack/","The County Post - Jack County"
"Jackson County","https://thecountypost.com/texas/jackson/","The County Post - Jackson County"
"Jasper County","https://thecountypost.com/texas/jasper/","The County Post - Jasper County"
"Jeff Davis County","https://thecountypost.com/texas/jeff-davis/","The County Post - Jeff Davis County"
"Jefferson County","https://thecountypost.com/texas/jefferson/","The County Post - Jefferson County"
"Jim Hogg County","https://thecountypost.com/texas/jim-hogg/","The County Post - Jim Hogg County"
"Jim Wells County","https://thecountypost.com/texas/jim-wells/","The County Post - Jim Wells County"
"Johnson County","https://thecountypost.com/texas/johnson/","The County Post - Johnson County"
"Jones County","https://thecountypost.com/texas/jones/","The County Post - Jones County"
"Karnes County","https://thecountypost.com/texas/karnes/","The County Post - Karnes County"
"Kaufman County","https://thecountypost.com/texas/kaufman/","The County Post - Kaufman County"
"Kendall County","https://thecountypost.com/texas/kendall/","The County Post - Kendall County"
"Kenedy County","https://thecountypost.com/texas/kenedy/","The County Post - Kenedy County"
"Kent County","https://thecountypost.com/texas/kent/","The County Post - Kent County"
"Kerr County","https://thecountypost.com/texas/kerr/","The County Post - Kerr County"
"Kimble County","https://thecountypost.com/texas/kimble/","The County Post - Kimble County"
"King County","https://thecountypost.com/texas/king/","The County Post - King County"
"Kinney County","https://thecountypost.com/texas/kinney/","The County Post - Kinney County"
"Kleberg County","https://thecountypost.com/texas/kleberg/","The County Post - Kleberg County"
"Knox County","https://thecountypost.com/texas/knox/","The County Post - Knox County"
"La Salle County","https://thecountypost.com/texas/la-salle/","The County Post - La Salle County"
"Lamar County","https://thecountypost.com/texas/lamar/","The County Post - Lamar County"
"Lamb County","https://thecountypost.com/texas/lamb/","The County Post - Lamb County"
"Lampasas County","https://thecountypost.com/texas/lampasas/","The County Post - Lampasas County"
"Lavaca County","https://thecountypost.com/texas/lavaca/","The County Post - Lavaca County"
"Lee County","https://thecountypost.com/texas/lee/","The County Post - Lee County"
"Leon County","https://thecountypost.com/texas/leon/","The County Post - Leon County"
"Liberty County","https://thecountypost.com/texas/liberty/","The County Post - Liberty County"
"Limestone County","https://thecountypost.com/texas/limestone/","The County Post - Limestone County"
"Lipscomb County","https://thecountypost.com/texas/lipscomb/","The County Post - Lipscomb County"
"Live Oak County","https://thecountypost.com/texas/live-oak/","The County Post - Live Oak County"
"Llano County","https://thecountypost.com/texas/llano/","The County Post - Llano County"
"Loving County","https://thecountypost.com/texas/loving/","The County Post - Loving County"
"Lubbock County","https://thecountypost.com/texas/lubbock/","The County Post - Lubbock County"
"Lynn County","https://thecountypost.com/texas/lynn/","The County Post - Lynn County"
"Madison County","https://thecountypost.com/texas/madison/","The County Post - Madison County"
"Marion County","https://thecountypost.com/texas/marion/","The County Post - Marion County"
"Martin County","https://thecountypost.com/texas/martin/","The County Post - Martin County"
"Mason County","https://thecountypost.com/texas/mason/","The County Post - Mason County"
"Matagorda County","https://thecountypost.com/texas/matagorda/","The County Post - Matagorda County"
"Maverick County","https://thecountypost.com/texas/maverick/","The County Post - Maverick County"
"McCulloch County","https://thecountypost.com/texas/mcculloch/","The County Post - McCulloch County"
"McLennan County","https://thecountypost.com/texas/mclennan/","The County Post - McLennan County"
"McMullen County","https://thecountypost.com/texas/mcmullen/","The County Post - McMullen County"
"Medina County","https://thecountypost.com/texas/medina/","The County Post - Medina County"
"Menard County","https://thecountypost.com/texas/menard/","The County Post - Menard County"
"Midland County","https://thecountypost.com/texas/midland/","The County Post - Midland County"
"Milam County","https://thecountypost.com/texas/milam/","The County Post - Milam County"
"Mills County","https://thecountypost.com/texas/mills/","The County Post - Mills County"
"Mitchell County","https://thecountypost.com/texas/mitchell/","The County Post - Mitchell County"
"Montague County","https://thecountypost.com/texas/montague/","The County Post - Montague County"
"Montgomery County","https://thecountypost.com/texas/montgomery/","The County Post - Montgomery County"
"Moore County","https://thecountypost.com/texas/moore/","The County Post - Moore County"
"Morris County","https://thecountypost.com/texas/morris/","The County Post - Morris County"
"Motley County","https://thecountypost.com/texas/motley/","The County Post - Motley County"
"Nacogdoches County","https://thecountypost.com/texas/nacogdoches/","The County Post - Nacogdoches County"
"Navarro County","https://thecountypost.com/texas/navarro/","The County Post - Navarro County"
"Newton County","https://thecountypost.com/texas/newton/","The County Post - Newton County"
"Nolan County","https://thecountypost.com/texas/nolan/","The County Post - Nolan County"
"Nueces County","https://thecountypost.com/texas/nueces/","The County Post - Nueces County"
"Ochiltree County","https://thecountypost.com/texas/ochiltree/","The County Post - Ochiltree County"
"Oldham County","https://thecountypost.com/texas/oldham/","The County Post - Oldham County"
"Orange County","https://thecountypost.com/texas/orange/","The County Post - Orange County"
"Palo Pinto County","https://thecountypost.com/texas/palo-pinto/","The County Post - Palo Pinto County"
"Panola County","https://thecountypost.com/texas/panola/","The County Post - Panola County"
"Parker County","https://thecountypost.com/texas/parker/","The County Post - Parker County"
"Parmer County","https://thecountypost.com/texas/parmer/","The County Post - Parmer County"
"Pecos County","https://thecountypost.com/texas/pecos/","The County Post - Pecos County"
"Polk County","https://thecountypost.com/texas/polk/","The County Post - Polk County"
"Potter County","https://thecountypost.com/texas/potter/","The County Post - Potter County"
"Presidio County","https://thecountypost.com/texas/presidio/","The County Post - Presidio County"
"Rains County","https://thecountypost.com/texas/rains/","The County Post - Rains County"
"Randall County","https://thecountypost.com/texas/randall/","The County Post - Randall County"
"Reagan County","https://thecountypost.com/texas/reagan/","The County Post - Reagan County"
"Real County","https://thecountypost.com/texas/real/","The County Post - Real County"
"Red River County","https://thecountypost.com/texas/red-river/","The County Post - Red River County"
"Reeves County","https://thecountypost.com/texas/reeves/","The County Post - Reeves County"
"Refugio County","https://thecountypost.com/texas/refugio/","The County Post - Refugio County"
"Roberts County","https://thecountypost.com/texas/roberts/","The County Post - Roberts County"
"Robertson County","https://thecountypost.com/texas/robertson/","The County Post - Robertson County"
"Rockwall County","https://thecountypost.com/texas/rockwall/","The County Post - Rockwall County"
"Runnels County","https://thecountypost.com/texas/runnels/","The County Post - Runnels County"
"Rusk County","https://thecountypost.com/texas/rusk/","The County Post - Rusk County"
"Sabine County","https://thecountypost.com/texas/sabine/","The County Post - Sabine County"
"San Augustine County","https://thecountypost.com/texas/san-augustine/","The County Post - San Augustine County"
"San Jacinto County","https://thecountypost.com/texas/san-jacinto/","The County Post - San Jacinto County"
"San Patricio County","https://thecountypost.com/texas/san-patricio/","The County Post - San Patricio County"
"San Saba County","https://thecountypost.com/texas/san-saba/","The County Post - San Saba County"
"Schleicher County","https://thecountypost.com/texas/schleicher/","The County Post - Schleicher County"
"Scurry County","https://thecountypost.com/texas/scurry/","The County Post - Scurry County"
"Shackelford County","https://thecountypost.com/texas/shackelford/","The County Post - Shackelford County"
"Shelby County","https://thecountypost.com/texas/shelby/","The County Post - Shelby County"
"Sherman County","https://thecountypost.com/texas/sherman/","The County Post - Sherman County"
"Smith County","https://thecountypost.com/texas/smith/","The County Post - Smith County"
"Somervell County","https://thecountypost.com/texas/somervell/","The County Post - Somervell County"
"Starr County","https://thecountypost.com/texas/starr/","The County Post - Starr County"
"Stephens County","https://thecountypost.com/texas/stephens/","The County Post - Stephens County"
"Sterling County","https://thecountypost.com/texas/sterling/","The County Post - Sterling County"
"Stonewall County","https://thecountypost.com/texas/stonewall/","The County Post - Stonewall County"
"Sutton County","https://thecountypost.com/texas/sutton/","The County Post - Sutton County"
"Swisher County","https://thecountypost.com/texas/swisher/","The County Post - Swisher County"
"Tarrant County","https://thecountypost.com/texas/tarrant/","The County Post - Tarrant County"
"Taylor County","https://thecountypost.com/texas/taylor/","The County Post - Taylor County"
"Terrell County","https://thecountypost.com/texas/terrell/","The County Post - Terrell County"
"Terry County","https://thecountypost.com/texas/terry/","The County Post - Terry County"
"Throckmorton County","https://thecountypost.com/texas/throckmorton/","The County Post - Throckmorton County"
"Titus County","https://thecountypost.com/texas/titus/","The County Post - Titus County"
"Tom Green County","https://thecountypost.com/texas/tom-green/","The County Post - Tom Green County"
"Travis County","https://thecountypost.com/texas/travis/","The County Post - Travis County"
"Trinity County","https://thecountypost.com/texas/trinity/","The County Post - Trinity County"
"Tyler County","https://thecountypost.com/texas/tyler/","The County Post - Tyler County"
"Upshur County","https://thecountypost.com/texas/upshur/","The County Post - Upshur County"
"Upton County","https://thecountypost.com/texas/upton/","The County Post - Upton County"
"Uvalde County","https://thecountypost.com/texas/uvalde/","The County Post - Uvalde County"
"Val Verde County","https://thecountypost.com/texas/val-verde/","The County Post - Val Verde County"
"Van Zandt County","https://thecountypost.com/texas/van-zandt/","The County Post - Van Zandt County"
"Victoria County","https://thecountypost.com/texas/victoria/","The County Post - Victoria County"
"Walker County","https://thecountypost.com/texas/walker/","The County Post - Walker County"
"Waller County","https://thecountypost.com/texas/waller/","The County Post - Waller County"
"Ward County","https://thecountypost.com/texas/ward/","The County Post - Ward County"
"Washington County","https://thecountypost.com/texas/washington/","The County Post - Washington County"
"Webb County","https://thecountypost.com/texas/webb/","The County Post - Webb County"
"Wharton County","https://thecountypost.com/texas/wharton/","The County Post - Wharton County"
"Wheeler County","https://thecountypost.com/texas/wheeler/","The County Post - Wheeler County"
"Wichita County","https://thecountypost.com/texas/wichita/","The County Post - Wichita County"
"Wilbarger County","https://thecountypost.com/texas/wilbarger/","The County Post - Wilbarger County"
"Willacy County","https://thecountypost.com/texas/willacy/","The County Post - Willacy County"
"Williamson County","https://thecountypost.com/texas/williamson/","The County Post - Williamson County"
"Wilson County","https://thecountypost.com/texas/wilson/","The County Post - Wilson County"
"Winkler County","https://thecountypost.com/texas/winkler/","The County Post - Winkler County"
"Wise County","https://thecountypost.com/texas/wise/","The County Post - Wise County"
"Wood County","https://thecountypost.com/texas/wood/","The County Post - Wood County"
"Yoakum County","https://thecountypost.com/texas/yoakum/","The County Post - Yoakum County"
"Young County","https://thecountypost.com/texas/young/","The County Post - Young County"
"Zapata County","https://thecountypost.com/texas/zapata/","The County Post - Zapata County"
"Zavala County","https://thecountypost.com/texas/zavala/","The County Post - Zavala County"
